deep_end_lang,en,ru,pt-br,es-es,de,fr-fr,it,pl,zh-cn,jp,ko,,,
deep_end_pos_broadcast_1,"Your Location: ",,,,,,,,"当前坐标: ",,,,,
deep_end_pos_broadcast_2,"Cursor Location: ",,,,,,,,"光标坐标: ",,,,,
DASH,"HOW TO DASH",,,,,,,,"冲刺教程",,,,,
dDASH,"Double-tapping your walk key to dash!",,,,,,,,"双击左或者右方向键来冲刺!",,,,,
tDASH,"You're tired out!",,,,,,,,"浮空能量不足!",,,,,
dPROTECTION_FIRE,"You are immune to fire damage and no longer frozen.",,,,,,,,"免疫火焰伤害和冻结效果。",,,,,
dPROTECTION_RADIOACTIVITY,"You no longer vomit and immune to toxics.",,,,,,,,"免疫毒素伤害和食物中毒效果。",,,,,
dX_RAY,"You can see everywhere. \nThere won't be any bombs but a guaranteed Spell Refresher in the chests.",,,,,,,,"看清一切黑暗, \n宝箱总是包含法术刷新且不再会开出炸弹。",,,,,
dNO_MORE_SHUFFLE,"Most of the wands will be non shuffling with positive affixes. \nNewly generated enemies will not be able to pick up any wands.",,,,,,,,"几乎所有魔杖都变为非乱序且不会有负面词缀, \n新生成的敌人无法捡起法杖。",,,,,
dLOW_HP_DAMAGE_BOOST,"Taking 110% damage from projs. \nDeal 3x damage when your HP under 25%. \nYour projs always duplicate.",,,,,,,,"你的投射物总是会复制, \n受到额外10%的投射物伤害, \n血量低于25%时获得三倍输出。",,,,,
dperk_CRITICAL_HIT,"Increase critical hit chance by 20%, \nalso +5% for each loaded proj.",,,,,,,,"增加20暴击率, 每个加载的投射物额外+5%。",,,,,
dperk_RISKY_CRITICAL,"While enemies are nearby, \ngain additional 0 to 100% critical hit chance for each loaded proj.",,,,,,,,"附近有敌人时, 每个加载的投射物额外提供0~100暴击率。",,,,,
dperk_EXTRA_KNOCKBACK,"Gain additional 5 projs damage and knockback force for each loaded proj.",,,,,,,,"每个加载的投射物额外提供5投射物伤害并提升少许击退力度。",,,,,
dperk_LOWER_SPREAD,"Gain additional 15 projs damage, -5 explosion range and -30 scattering angle for each loaded proj.",,,,,,,,"每个加载的投射物额外提供15投射物伤害, 减少5爆炸半径和30度散射。",,,,,
dperk_LASER_AIM,"Gain a handy laser sight for aiming. \nAlso -15 scattering angle and 50% faster for each loaded proj.",,,,,,,,"获得激光瞄准器, \n每个加载的投射物额外获得1.5倍速度并减少15度散射。",,,,,
dperk_LOW_RECOIL,"Reduce recoil caused by your spells significantly.",,,,,,,,"显著减少施法后座力。",,,,,
dperk_BOUNCE,"Almost all your spells bounce around. \nAlso +0.4s lifetime for each loaded proj.",,,,,,,,"你的法术获得更多弹跳次数, \n每个加载的投射物额外增加0.4秒存在时间。",,,,,
dperk_FAST_PROJECTILES,"Double the speed and reduce 0.05s cast delay for each loaded proj.",,,,,,,,"每个加载的投射物额外获得1.5倍速度并降低0.05秒释放延迟。",,,,,
dperk_PROJECTILE_REPULSION,"Taking 110% damage from projs. \nMost projs are repulsed by your presence.",,,,,,,,"排斥附近的投射物, \n额外受到10%的投射物伤害。",,,,,
dgold_is_forever,"Gold nuggets never disappear. \nAuto pick up when approaching.",,,,,,,,"黄金不再消失, \n自动拾取附近的黄金。",,,,,
dradar_wand,"Sense nearby wands and items.",,,,,,,,"感知附近的法杖和物品。",,,,,
dglass_cannon,"Your spells deal 5x damage. \nBut your will receive 4x damage from enemies.",,,,,,,,"你决定跟敌人爆了!! \n(5倍输出 4倍受伤)",,,,,
dorbit,"Taking 110% damage from projs. \nProjs may phase through you.",,,,,,,,"投射物有概率以相位形式穿越你, \n额外受到10%的投射物伤害。",,,,,
dno_wand_editing,"Wands cannot be tinkered with. \nEnemies always drop blood money.",,,,,,,,"无法编辑魔杖, \n但敌人总是掉落血金。",,,,,
dbreath_underwater,"you can no longer drown. \nGain 25% resistance against toxics and poisons.",,,,,,,,"不再窒息, \n获得25%的毒素和毒液抗性。",,,,,
dprojectile_homing_shooter,"Your spells arc towards you, with extra 60% speed, 0.2s lifetime \nand 18.75 damage for each loaded proj.",,,,,,,,"你的法术将追踪自己, \n每个加载的投射物额外获得1.6倍速度, 0.2秒存在时间和18.75伤害。",,,,,
dgas_fire,"Gases near you ignite automatically. \nGain 25% resistance against fire and ice.",,,,,,,,"你附近的气体自动燃烧, \n获得25%的火焰和冰冻抗性。",,,,,
ddissolve_powders,"Powdery materials dissolve quickly in your presence. \nGain 25% resistance against toxics and poisons.",,,,,,,,"你附近的粉末自动消融, \n获得25%的毒素和毒液抗性。",,,,,
drevenge_rats,"Injuries release rats. \nGain 25% resistance against slice and drill.",,,,,,,,"受伤将召唤老鼠, \n获得25%的切割和穿凿抗性。",,,,,
dplague_rats,"Dying creatures release rats. \nGain 25% resistance against fire and ice.",,,,,,,,"敌人死亡将释放老鼠, \n获得25%的火焰和冰冻抗性。",,,,,
dvomit_rats,"Vomit and urine near you evolves into rats. \nGain 25% resistance against toxics and poisons.",,,,,,,,"你附近的呕吐物和尿将转化为老鼠, \n获得25%的毒素和毒液抗性。",,,,,
dangry_ghost,"Summons an angry spirit who'll copy nearby spells and projs. \nGain 25% resistance against fire and ice.",,,,,,,,"召唤复制投射物的幽灵, \n获得25%的火焰和冰冻抗性。",,,,,
dhungry_ghost,"Summons a happy spirit who'll eat enemy projs. \nGain 25% resistance against toxics and poisons.",,,,,,,,"召唤偷吃投射物的幽灵, \n获得25%的毒素和毒液抗性。",,,,,
ddeath_ghost,"Dying creatures release a spirit that deals damage. \nGain 25% resistance against slice and drill.",,,,,,,,"敌人死亡将释放幽灵, \n获得25%的切割和穿凿抗性。",,,,,
dpeace_with_steve,"Chests in every new Holy Mountain will no longer require donations. \nGain 25% resistance against holy and curse attacks. \nIt will remain silent...",,,,,,,,"神打算无视你的暴行, \n后续圣山的宝箱将不再需要捐款, \n额外获得25%的神圣和诅咒抗性。",,,,,
dbleed_slime,"You bleed slime. \nGain 25% resistance against slice, drill and projs.",,,,,,,,"受伤将流出黏液, \n获得25%的切割, 穿凿和投射物抗性。",,,,,
drevenge_explosion,"Injuries release magical explosions. \nGain 25% resistance against explosions fire and ice.",,,,,,,,"受伤释放爆炸反击, \n获得25%的火焰, 冰冻和爆炸抗性。",,,,,
drevenge_tentacle,"Injuries release tentacless. \nGain 25% resistance against slice, drill and projs.",,,,,,,,"受伤释放触手反击, \n获得25%的切割, 穿凿和投射物抗性。",,,,,
drevenge_bullet,"You return fire when is shot at. \nGain 25% resistance against explosions and projs.",,,,,,,,"受伤反击投射物, \n获得25%的投射物和爆炸抗性。",,,,,
dworm_smaller_holes,"Worms and lukki enemies no longer destroy terrain massively. \nGain 25% resistance against fire, toxics and melee attacks.",,,,,,,,"蠕虫和蜘蛛不再大规模破坏地形, \n获得25%的毒素, 火焰和近战抗性。",,,,,
dworm_attractor,"Worms find you attractive, \nbut you will be immune to melee attacks.",,,,,,,,"蠕虫们对你一见钟情, \n但你将免疫近战伤害。",,,,,
dextra_slots,"All wands in your screen gain 3-to-8 spell slots. \n( up to 30 per wand )",,,,,,,,"你屏幕内的所有魔杖都增加3~8格容量。 \n(每根魔杖最多30)",,,,,
dextra_perk,"Extra perk in every new Holy Mountain. \nCheaper perk-reroll price.",,,,,,,,"新的圣山将生成一个额外天赋选项, \n刷新天赋价格更低。",,,,,
dextra_shop_item,"Extra shop items in every new Holy Mountain. \nSpawn a free wand instantly.",,,,,,,,"新的圣山将出售更多商品, \n立即生成一把免费的魔杖。",,,,,
dextra_potion_capacity,"Potions can contain 100% more liquid. \nA bottle of useful potion comes with it.",,,,,,,,"所有瓶子的容量翻倍, \n立即生成一瓶粥, 哦耶!",,,,,
dgamble,"Gain one to five random perks!",,,,,,,,"获得1~5个随机天赋!",,,,,
dstrong_kick,"Your kicks will be more powerful, \npowerful enough to tear through the air...",,,,,,,,"你的踢击会更强而有力, \n猛到能撕裂空气……",,,,,
STARDUST DRAGON,"STARDUST WYRM",,,,,,,,"星尘龙",,,,,
dSTARDUST DRAGON,"Summons a stardust dragon to fight for you!",,,,,,,,"召唤一条星尘龙为你而战! (不蠢)",,,,,
dalways_cast,"Add one of the spells in your inventory to the wand in your hand as Always Cast spell. \n( up to 7 per wand )",,,,,,,,"将你背包里的一个法术作为始终施放添加到你手中的魔杖。 \n(每根魔杖最多7个)",,,,,
Abyss,"Abyss (beta!)",,,,,,,,"真正的深渊(测试版)",,,,,
dAbyss,"Take every breath you can...",,,,,,,,"拼尽全力...活下去!",,,,,
dAbyss_0,"A mysterious power delayed your death",,,,,,,,"一股神秘的力量阻止了你被秒杀",,,,,
dAbyss_1,"Good Luck...",,,,,,,,"祝你好运...",,,,,
dAbyss_2,"It's a kill-or-be-killed world!",,,,,,,,"这是一个弱肉强食的世界!",,,,,
mAbyss,"It's not yours!",,,,,,,,"这不是给你的!",,,,,
chest_bad_msg_1,"RUN!!!",,,,,,,,"快跑!!!",,,,,
chest_bad_msg_2,"SUPER TELEPORT!!!",,,,,,,,"超级传送!!!",,,,,
deep_end_open_chest_steel_1,"You have  stolen the gem of tech",,,,,,,,"你窃取了科技的瑰宝",,,,,
deep_end_open_chest_steel_2,"Mechanical creatures become more brutal",,,,,,,,"机械造物变得更加残暴",,,,,
abyss_cost_of_greed_1,"The abyss has rejected you",,,,,,,,"深渊拒绝了你",,,,,
abyss_cost_of_greed_2,"The blessing of neow cannot be taken to the abyss!",,,,,,,,"涅奥的祝福无法被带到深渊!",,,,,
deep_end_perk_map,"??¿?¿",,,,,,,,"??¿?¿",,,,,
deep_end_map_perk,"?¿?¿ ¿?¿¿¿¿",,,,,,,,"?¿?¿ ¿?¿¿¿¿",,,,,
HEALTH,"HEALTH?",,,,,,,,"诅咒的心脏",,,,,
WEALTH,"WEALTH?",,,,,,,,"诅咒的财宝",,,,,
STRENGTH,"STRENGTH?",,,,,,,,"诅咒的魔杖",,,,,
dHEALTH,"Full-Hp in Holy Mount add ADDITIONAL 10% MaxHp. \nNO GOODS AND PERKS in the first holy mountain you entered.",,,,,,,,"圣山的完全回复额外提升10%生命上限, \n但第一个圣山不会有任何资源",,,,,
dWEALTH,"Generate three chests. \nCANNOT HEAL until YOU killed 66 CREATURES.",,,,,,,,"生成三个宝箱, \n但在击杀66个造物前不能被治疗",,,,,
dSTRENGTH,"Buff your DMG when picking up a new wand. \nBUT perk reroll price is DOUBLED.",,,,,,,,"拾取新的法杖时给予6秒伤害增强, \n但刷新天赋价格翻倍",,,,,
perk_CHAOS,"CHAOS!",,,,,,,,"氵昆 氵屯 。。。",,,,,
dCHAOS,"¿ ?¿?o? ¿ll?¿? ¿I sI",,,,,,,,"锟斤拷烫烫烫",,,,,
perk_DE_DUPLICATE,"Fission",,,,,,,,"裂变",,,,,
dDE_DUPLICATE,"Duplicate all your perks. \nLose half of them randomly then reselect one special perks!",,,,,,,,"复制你的所有天赋, \n随机失去一半天赋并重选一个特殊天赋!",,,,,
perk_curse_kill_count,"Kills required to remove your CURSE: ",,,,,,,,"解除诅咒所剩的击杀数: ",,,,,
perk_curse_kill_completed,"The curse of wealth is gone!",,,,,,,,"财宝带来的诅咒已经散去!",,,,,
betaCHAOS,"Coming Soon...",,,,,,,,"敬请期待...",,,,,
dpCHAOS_1,"God is amazed",,,,,,,,"神明非常诧异",,,,,
dpCHAOS_2,"You look... energetic!",,,,,,,,"你看上去...棒极了!",,,,,
effect_crazy_sausage,"You can't help but taste the sausage.",,,,,,,,"你在偷吃香肠.",,,,,
dcrazy_sausage,"You killed yourself eating sausages.",,,,,,,,"你吃香肠撑死了.",,,,,
denchantment_field,"Circle of Enchanter",,,,,,,,"附魔之环",,,,,
ddenchantment_field,"Strengthen the spellcasters within its range",,,,,,,,"强化范围内的所有施法者",,,,,
dguidance_field,"Circle of Traction",,,,,,,,"牵引之环",,,,,
ddguidance_field,"Capture and tow the passing projectiles then shooting them out",,,,,,,,"捕获投射物并在一段时间后射出",,,,,
dassimilation_field,"Circle of Assimilation",,,,,,,,"吸收之环",,,,,
ddassimilation_field,"Absorb every projectile within its range and release the stored damage regularly",,,,,,,,"吸收范围内的所有投射物 定时释放储存的伤害",,,,,
dcircle_fart,"Circle of Fart?",,,,,,,,"臭屁之环?",,,,,
dcircle_sewll,"Circle of Swell?",,,,,,,,"膨胀之环?",,,,,
dcircle_nightmare,"Circle of Nightmare?",,,,,,,,"噩梦之环",,,,,
dcircle_death,"Circle of Death?",,,,,,,,"死亡之环?",,,,,
ddcircle_wtf,"Well...",,,,,,,,"嗯...",,,,,
daction_wall,"A thin barrier that harms passing enemies!",,,,,,,,"伤害敌人的粒子屏障!",,,,,
dcloud_fire,"Incendiary Cloud",,,,,,,,"莫洛托夫云",,,,,
dcloud_pus,"Pestilence Cloud",,,,,,,,"脓浆云",,,,,
dcloud_blood,"Sanguinary Cloud",,,,,,,,"血腥云",,,,,
dcloud_pee,"Inelegant Cloud",,,,,,,,"尿液云",,,,,
dcloud_na,"Hazardous Cloud",,,,,,,,"灾难云",,,,,
ddcloud_passive,"Free from weather forecasts now!",,,,,,,,"无需天气预报!",,,,,
dsuper_teleport_cast,"Make projectiles jump a long distance immediately and then dissipate",,,,,,,,"使投射物远闪跃一段距离并瞬间消散",,,,,
SCATTER_32,"Dotriaconta Scatter Spell",,,,,,,,"三十二重散射施法",,,,,
dSCATTER_32,"Simultaneously casts 32 spells with ultralow accuracy",,,,,,,,"同时施放32个法术，但大幅增加散射",,,,,
SINGLE_SHAPE,"Formation - Convergence",,,,,,,,"阵型 - 收敛",,,,,
dSINGLE_SHAPE,"Casts your spell within one degree",,,,,,,,"令投射物在一度角内均匀分布",,,,,
INF_SHOT,"Miplicate",,,,,,,,"复制法术-穷尽",,,,,
dINF_SHOT,"Costs the mana as much as possible, casts myriad copies of a projs correspondingly",,,,,,,,"消耗相应法力射出投射物的复制品, 直到法力不足",,,,,
HERITABLE_BULLET,"Heritable Spark Bolt",,,,,,,,"遗传火花",,,,,
dHERITABLE_BULLET,"A spark bolt that casts another spell with full inheritance of its modifilers",,,,,,,,"触发的法术能继承其修正效果的火花弹",,,,,
MULT_TRIGGER,"Trigger Loader",,,,,,,,"装填触发",,,,,
dMULT_TRIGGER,"Copy the subsequent projs and draw three times make the copy cast them individually upon collision",,,,,,,,"复制投射物并抽取三次 令复制品在碰撞时施放每次抽取的结果",,,,,
MULT_TIMER,"Timer Loader",,,,,,,,"装填定时触发",,,,,
dMULT_TIMER,"Copy the subsequent projs and draw three times make the copy cast them individually after a short time",,,,,,,,"复制投射物并抽取三次 令复制品定时施放每次抽取的结果",,,,,
MULT_DEATH,"Expiration Loader",,,,,,,,"装填失效触发",,,,,
dMULT_DEATH,"Copy the subsequent projs and draw three times make the copy cast them individually upon expiring",,,,,,,,"复制投射物并抽取三次 令复制品在失效时施放每次抽取的结果",,,,,
CAST_FOLD,"Pause Cast",,,,,,,,"休止",,,,,
dCAST_FOLD,"Stop the remaining spells to draw cast it repeatedly will stop drawing immediately",,,,,,,,"后续法术不会再进行抽取 重复释放将立即停止本次施法的抽取",,,,,
BUCKSHOT_TRIGGER_3,"Triplicate Bolt With Three Triggers",,,,,,,,"三联复式触发魔弹",,,,,
dBUCKSHOT_TRIGGER_3,"A formation of three bolt that casts three new spells upon collision, set time or expiring",,,,,,,,"在三种不同条件触发法术的三联魔弹",,,,,
GLOWING_BOLT_WITH_TIMER_2,"Pinpoint Of Light With Double Timer",,,,,,,,"双重定时聚爆光束",,,,,
dGLOWING_BOLT_WITH_TIMER_2,"An extremely concentrated point of light that casts two new spells after a timer runs out",,,,,,,,"极度凝聚的一道光束，在定时结束后释放两个法术",,,,,
LIGHTNING_DEATH_TRIGGER_2,"Lightning Bolt With Double Death Trigger",,,,,,,,"二重失效触发闪电",,,,,
dLIGHTNING_DEATH_TRIGGER_2,"A streak of lightening that casts two new spells when exploded",,,,,,,,"在失效时释放两个法术的闪电",,,,,
BALL_LIGHTNING_TIMER,"Ball Lightning With Triple Timer",,,,,,,,"三重定时球状闪电",,,,,
dBALL_LIGHTNING_TIMER,"Three short range electrical orbs that casts three new spells after a timer runs out",,,,,,,,"在定时结束后释放三个法术的短射程带电球体",,,,,
DISC_BULLET_BIGGER_TRIGGER,"Omega Sawblade With Death Trigger",,,,,,,,"失效触发终极锯片",,,,,
dDISC_BULLET_BIGGER_TRIGGER,"A multi-blade Sawblade that casts another spell as it expires",,,,,,,,"在失效时释放法术的终极锯片",,,,,
MIST_RADIOACTIVE_TIMER,"Toxic Mist With Double Timer",,,,,,,,"定时毒雾",,,,,
dMIST_RADIOACTIVE_TIMER,"A cloud of toxic mist that casts another spell after a timer runs out",,,,,,,,"一团剧毒的雾气，在定时结束后释放另一法术",,,,,
MIST_ALCOHOL_TIMER,"Mist Of Spirits With Double Timer",,,,,,,,"定时酒雾",,,,,
dMIST_ALCOHOL_TIMER,"A cloud of potent mist that casts another spell after a timer runs out",,,,,,,,"一团烈酒组成的雾气，在定时结束后释放另一法术",,,,,
MIST_SLIME_TIMER,"Slime Mist With Double Timer",,,,,,,,"定时黏液雾",,,,,
dMIST_SLIME_TIMER,"A cloud of slimy mist that casts another spell after a timer runs out",,,,,,,,"一团黏糊糊的雾气，在定时结束后释放另一法术",,,,,
MIST_BLOOD_TIMER,"Blood Mist With Double Timer",,,,,,,,"定时血雾",,,,,
dMIST_BLOOD_TIMER,"A cloud of blood mist that casts another spell after a timer runs out",,,,,,,,"一团充满血腥味的雾气，在定时结束后释放另一法术",,,,,
DEATH_CROSS_TRIGGER,"Death Cross With Death Trigger",,,,,,,,"失效触发死亡十字",,,,,
dDEATH_CROSS_TRIGGER,"A deadly energy cross that casts another spell as it explodes",,,,,,,,"在失效时释放法术的致命能量十字",,,,,
METASTABLE_ARC,"Metastable Tracking",,,,,,,,"亚稳态追踪",,,,,
dMETASTABLE_ARC,"Make a projectile accelerate roughly in the direction you originally shoot it",,,,,,,,"让投射物大致朝着你一开始发射的方向加速前进",,,,,
PUTREFY,"Putrefy",,,,,,,,"腐化",,,,,
dPUTREFY,"A vicious spell",,,,,,,,"恶毒的咒语",,,,,
METALLIZATION,"Metallization",,,,,,,,"金属化",,,,,
dMETALLIZATION,"The age of flesh and blood is over",,,,,,,,"血肉的时代 结束了",,,,,
HITFX_MIDAS,"Hand of greed",,,,,,,,"贪婪之手",,,,,
dHITFX_MIDAS,"Turns a dying enemy into gold",,,,,,,,"令濒死的敌人化为黄金",,,,,
SLIVER_BULLET,"Silver Bullet",,,,,,,,"银色子弹",,,,,
dSLIVER_BULLET,"Inflict more damage on large enemies",,,,,,,,"使大型敌人受到多倍伤害",,,,,
F_T_L,"F.T.L",,,,,,,,"超越光速",,,,,
dF_T_L,"Faster than light!",,,,,,,,"以音速射下它们!",,,,,
HEMOKINESIS,"Hemokinesis",,,,,,,,"御血术",,,,,
dHEMOKINESIS,"Drive the surrounding blood to attack your target",,,,,,,,"操纵周围的血液攻击目标",,,,,
HAEMOSPASIA,"Haemospasia",,,,,,,,"放血",,,,,
dHAEMOSPASIA,"Take 4 damage to make you more combative",,,,,,,,"受到4点伤害并让你暂时获得五倍的法术伤害和爆炸范围",,,,,
RAPE,"Bloody Reap",,,,,,,,"死亡收割",,,,,
dRAPE,"Take 4 damage and heal yourself when a hit enemy dies",,,,,,,,"受到4点伤害, 被击中敌人死亡时治疗自己",,,,,
HEAVENLY_WRATH,"Heavenly Wrath",,,,,,,,"神之怒",,,,,
dHEAVENLY_WRATH,"Repent, before it is too late!",,,,,,,,"忏悔吧!",,,,,
ICEY_LANCE,"Ice Spear",,,,,,,,"冰枪术",,,,,
dICEY_LANCE,"Freezing to the core",,,,,,,,"冻彻心扉",,,,,
CHAIN_BLAST,"Cascading Explosion",,,,,,,,"级联爆炸",,,,,
dCHAIN_BLAST,"Explosion, explosion,and explosion...",,,,,,,,"爆炸,爆炸,再爆炸...",,,,,
HOOK_V2,"Hookbolt 2.0",,,,,,,,"攀岩钩爪",,,,,
dHOOK_V2,"Special for mountain climbing! And when I'm not climbing?",,,,,,,,"登山专用! 不登山的时候也可以用?",,,,,
TELEPORT_PROJECTILE_V2,"Teleport 2.0",,,,,,,,"传送2.0",,,,,
dTELEPORT_PROJECTILE_V2,"Go wherever you want!",,,,,,,,"面对面快传!",,,,,
SHOCKWAVE,"Shockwave",,,,,,,,"震荡波",,,,,
dSHOCKWAVE,"Paralyze your enemies",,,,,,,,"使敌人瘫痪",,,,,
dMINE_DEATH_TRIGGER,"Unstable Crystal With Double Death Trigger",,,,,,,,"二重失效触发不稳晶体",,,,,
ddMINE_DEATH_TRIGGER,"A crystal that explodes and casts two new spells when someone comes nearby",,,,,,,,"在失效时释放两个法术的不稳晶体",,,,,
dPIPE_BOMB_DEATH_TRIGGER,"Dormant Crystal With Double Death Trigger",,,,,,,,"二重失效触发休眠晶体",,,,,
ddPIPE_BOMB_DEATH_TRIGGER,"A crystal that explodes and casts two new spells when caught in an explosion",,,,,,,,"在失效时释放两个法术的休眠晶体",,,,,
dFIREBALL_RAY_LINE,"Two-Way Firework Thrower",,,,,,,,"双向烟花发射器",,,,,
ddFIREBALL_RAY_LINE,"Makes projs fire small fireworks perpendicular to its trajectory",,,,,,,,"令投射物在垂直两侧发射烟花",,,,,
pus_to_oil,"Pus To Oil",,,,,,,,"化脓为油",,,,,
dpus_to_oil,"Makes any pus within a projectile's range turns into oil",,,,,,,,"令投射物周围的所有脓液化为油",,,,,
dUNSTABLE_GUNPOWDER,"Hydration",,,,,,,,"水化",,,,,
ddUNSTABLE_GUNPOWDER,"Makes projs release water when they explode",,,,,,,,"令投射物在爆炸时释放水",,,,,
dEXP_MAT_TOXIC,"Leakage",,,,,,,,"泄露",,,,,
ddEXP_MAT_TOXIC,"Makes projs release toxic when they explode",,,,,,,,"令投射物在爆炸时释放绿毒",,,,,
dEXP_MAT_FUNGI,"Intergrowth",,,,,,,,"共生",,,,,
ddEXP_MAT_FUNGI,"Makes projs release fungus blood when they explode",,,,,,,,"令投射物在爆炸时释放真菌血液",,,,,
dARC_GUNPOWDER,"Masonry",,,,,,,,"浇筑",,,,,
ddARC_GUNPOWDER,"Makes projs release concrete when they explode",,,,,,,,"令投射物在爆炸时释放混凝土",,,,,
dEXP_MAT_COAL,"Compression",,,,,,,,"凝炼",,,,,
ddEXP_MAT_COAL,"Makes projs release colliery when they explode",,,,,,,,"令投射物在爆炸时释放煤矿",,,,,
dGUNPOWDER_TRAIL,"Cold Trail",,,,,,,,"冰冷轨迹",,,,,
ddGUNPOWDER_TRAIL,"Stay Cold",,,,,,,,"保持高冷",,,,,
dWATER_TRAIL,"Pure Trail",,,,,,,,"净化轨迹",,,,,
ddWATER_TRAIL,"Stay Cold",,,,,,,,"保持纯洁",,,,,
dOIL_TRAIL,"Insane Trail",,,,,,,,"神秘轨迹",,,,,
ddOIL_TRAIL,"Stay Insane",,,,,,,,"保持癫狂",,,,,
dACID_TRAIL,"Generous Trail",,,,,,,,"财富轨迹",,,,,
ddACID_TRAIL,"Stay Generous",,,,,,,,"保持富裕",,,,,
ddSLOW_BUT_STEADY,"Eliminate the recoil force and adjust reload time according to it",,,,,,,,"消除当前后座力, 根据原后座力调整充能时间",,,,,
dmana_reduce,"Add 20 mana, additional 10 if less than 100",,,,,,,,"获得20法力, 总法力低于100额外获得10点",,,,,
dblood_magic,"Lost 4 hp, gain 1000 mana",,,,,,,,"流失4点生命值, 获得1000法力",,,,,
TR_PRISMA,"Prism Blade",,,,,,,,"棱镜剑",,,,,
dTR_PRISMA,"Permanently lose 25 MaxHp, summon a dreamy sword ( up to 7 times ), pick up this spell to turn attacks on and off",,,,,,,,"永久损失25最大血量, 召唤一把棱镜剑, 最多七把 (拾取法术以开关攻击ai)",,,,,
ddTR_PRISMA,"You don't have enough MaxHp!",,,,,,,,"血量不足!",,,,,
DIPLOMANA,"Diplomana",,,,,,,,"双倍法力",,,,,
dDIPLOMANA,"Double your mana ( up to 0.1 million ), increases 0.1s cast delay for every 6 mana",,,,,,,,"翻倍当前法力, 每6法力增加0.1s释放延迟",,,,,
ddCOLOUR_INVIS,"Turns a projs invisible",,,,,,,,"将投射物隐形",,,,,
ddCOLOUR,"A sparkly trail of the corresponding color",,,,,,,,"将投射物的粒子效果替换为对应颜色",,,,,
TELEPORT_PROJECTILE_GRENADE,"Teleport Firebolt",,,,,,,,"传送榴弹",,,,,
dTELEPORT_PROJECTILE_GRENADE,"Difunctional?!",,,,,,,,"好吃又好玩?!",,,,,
TELEPORT_PROJECTILE_LIGHTNING,"Teleport Flash",,,,,,,,"传送闪击",,,,,
dTELEPORT_PROJECTILE_LIGHTNING,"A teleportation that tears through space!",,,,,,,,"撕裂空间的传送魔弹",,,,,
GUIDE_MISSILE,"Stardust Missile",,,,,,,,"星辉飞弹",,,,,
dGUIDE_MISSILE,"Self-tracing low-speed missiles",,,,,,,,"自主索敌的低速导弹",,,,,
THERMAL_IMPACT,"Phosphorus Munitions",,,,,,,,"磷弹",,,,,
dTHERMAL_IMPACT,"Melt everything down!",,,,,,,,"融化一切!",,,,,
CASCADING_STORM,"Geomagnetic Storm",,,,,,,,"层叠风暴",,,,,
dCASCADING_STORM,"Highly dangerous arc",,,,,,,,"高度危险的电弧",,,,,
BLOODY_THORN,"Bloody thorn",,,,,,,,"血荆棘",,,,,
dBLOODY_THORN,"Deadly entanglement",,,,,,,,"致命的缠绕",,,,,
GHOSTY_BULLET,"Will of The Wisp",,,,,,,,"鬼火精灵",,,,,
dGHOSTY_BULLET,"Fear not!",,,,,,,,"别怕!",,,,,
SNIPER_BULLET,"Sniper Bullet",,,,,,,,"狙击弹",,,,,
dSNIPER_BULLET,"Aim and shoot!",,,,,,,,"时代变了!",,,,,
SNIPER_BULLET_TRIGGER,"Sniper Bullet With Triple Trigger",,,,,,,,"三重触发狙击弹",,,,,
dSNIPER_BULLET_TRIGGER,"Aim, shoot and trigger!",,,,,,,,"时代没变!",,,,,
SNIPER_BULLET_TRIGGER_MULT,"Sniper Bullet With Triple Composite Trigger",,,,,,,,"三重复合触发狙击弹",,,,,
dSNIPER_BULLET_TRIGGER_MULT,"Trigger, trigger and trigger!",,,,,,,,"时代到底变了没!",,,,,
LASER_TURRET,"Laser Shock",,,,,,,,"镭射冲击",,,,,
dLASER_TURRET,"Zapinator!",,,,,,,,"biu~",,,,,
SOLDIERSHIT,"Slug",,,,,,,,"传奇混伤王",,,,,
dSOLDIERSHIT,"I AM WAR!",,,,,,,,"那我问你 那我问你 那我问你 那我问你",,,,,
SOLDIERSHIT_TRIGGER,"Slug With Quadruple Trigger",,,,,,,,"传奇四重触发混伤王",,,,,
dSOLDIERSHIT_TRIGGER,"WE ARE WAR!!!",,,,,,,,"那... 那我.. 那我问. 那我问你",,,,,
STICKY_BOMB,"Sticky Bomb",,,,,,,,"粘性炸弹",,,,,
dSTICKY_BOMB,"The mission must reach!",,,,,,,,"使命必达!",,,,,
BOUNCY_BOMB,"Bouncy Bomb",,,,,,,,"弹性炸弹",,,,,
dBOUNCY_BOMB,"Where on earth are you going?",,,,,,,,"你到底要去哪儿?",,,,,
DARK_SWORD,"Dark Sword",,,,,,,,"黑暗剑",,,,,
dDARK_SWORD,"Deal extra damage to passing enemies based on the health you've lost and the number of enemies killed",,,,,,,,"根据你已损失的生命值和总杀敌数对击中的敌人造成额外伤害",,,,,
ORDER,"Bombing Order",,,,,,,,"轰炸指令",,,,,
dORDER,"Blow Up The Sky!",,,,,,,,"让我们炸翻天!",,,,,
UAV,"Uav-platoon Firing",,,,,,,,"支援射击",,,,,
dUAV,"Fire Support",,,,,,,,"给我干哪来了?",,,,,
INF_TRAIN,"Bullet train",,,,,,,,"高速列车",,,,,
dINF_TRAIN,"Scram!!!! ( passive: melee counter, immune freeze and paralysis )",,,,,,,,"闪开!!!! (被动: 近战反击 免疫冻结和麻痹)",,,,,
ddINF_TRAIN_1,"Departure within: ",,,,,,,,"距发车还剩: ",,,,,
ddINF_TRAIN_2,"s, Number of carriages: ",,,,,,,,"秒, 本列车厢数: ",,,,,
CLEAVE,"Cleve",,,,,,,,"劈斩",,,,,
dCLEAVE,"Cut Your Enemies Into Two!",,,,,,,,"一刀两断!",,,,,
SLASH_DOWN,"Slash Down",,,,,,,,"十字斩",,,,,
dSLASH_DOWN,"Crush Your Enemies!",,,,,,,,"切蛋糕的时候很好用!",,,,,
THRUST,"Acicular Thousands",,,,,,,,"百万刺击",,,,,
dTHRUST,"Ouch! Ouch! Ouch!",,,,,,,,"戳戳戳",,,,,
dMETEOR_RAIN,"Wanna see some fireworks?",,,,,,,,"想看烟火吗?",,,,,
dWORM_RAIN,"Wormy time!",,,,,,,,"蠕虫时间到!",,,,,
dSWARM_FLY,"Summon flies to aid you according to the number of loaded projs",,,,,,,,"根据加载的投射物数量召唤飞虫伙伴",,,,,
dSWARM_WASP,"Summon wasps to aid you upon taking damage or being cured",,,,,,,,"受到伤害或治疗时召唤黄蜂伙伴",,,,,
RAT_SUMMON,"Rat Pack",,,,,,,,"鼠群",,,,,
dRAT_SUMMON,"I am the king of rats",,,,,,,,"老鼠和我过夜",,,,,
SNIPERSCOPE,"Precision Strike",,,,,,,,"精准打击",,,,,
dSNIPERSCOPE,"A coordinated sniper attack will be launched near the cursor",,,,,,,,"施法时将会在光标附近展开协同狙击",,,,,
FLOATING_WANNO,"Wanplankter",,,,,,,,"浮游魔炮",,,,,
dFLOATING_WANNO,"Shoot synchronously according to the number of loaded projs",,,,,,,,"根据加载的投射物数量协同射击",,,,,
SOAHC_ARC_PASSIVE,"Chaotic Waltz",,,,,,,,"混沌华尔兹",,,,,
DEATH_RAY_TORCH,"UV Torch",,,,,,,,"紫外火把",,,,,
dDEATH_RAY_TORCH,"Burn everything you touch You won't be freezed by icy spells!",,,,,,,,"记得戴墨镜 (手持时免疫冻结)",,,,,
GHOSTY_TORCH,"Ghosty Torch",,,,,,,,"幽灵火把",,,,,
dGHOSTY_TORCH,"My palm is so cold... At least won't be freezed by icy spells now!",,,,,,,,"阿..嚏!! (手持时免疫冻结)",,,,,
dTORCH,"Lights your wand right upYou won't be freezed by icy spells!",,,,,,,,"开灯了 (手持时免疫冻结)",,,,,
dTORCH_ELECTRIC,"Gives your wand a bright but very dangerous light You won't be paralyzed by electricity!",,,,,,,,"倒数第一也是第一! (手持时免疫麻痹)",,,,,
LASER_AIM,"Laser Sight",,,,,,,,"激光瞄准器",,,,,
dLASER_AIM,"A handy sightline for aiming",,,,,,,,"谁还需要倍镜呢",,,,,
ENERGY_SHIELD_SATELLITE,"Energy back satellite",,,,,,,,"能量卫星盾",,,,,
dENERGY_SHIELD_SATELLITE,"Who are you protecting?",,,,,,,,"你在保护谁?",,,,,
ENERGY_SHIELD_BACK,"Energy back shield",,,,,,,,"能量后盾",,,,,
dENERGY_SHIELD_BACK,"Take me your back!",,,,,,,,"把你的背后交给我!",,,,,
ENERGY_SHIELD_POD,"Energy pod shield",,,,,,,,"能量荚盾",,,,,
dENERGY_SHIELD_POD,"I am a shell..",,,,,,,,"谁家贝壳..",,,,,
DAMAGE_TO_TIME,"Damage Fallout",,,,,,,,"力量转时间",,,,,
dDAMAGE_TO_TIME,"Added extra lifetime based on projs damage bonus",,,,,,,,"根据投射物伤害加成增加额外存在时间",,,,,
GFUEL,"Epinephrine",,,,,,,,"肾上腺素",,,,,
dGFUEL,"The world lies beneath my feet!",,,,,,,,"来劲了 兄弟!",,,,,
CHARGE,"Magia Aerobics",,,,,,,,"魔力吞吐",,,,,
dCHARGE,"Increase firing rate based on mana, consume half of mana to gain additional mana regeneration speed",,,,,,,,"根据法力调整射速 消耗一半法力 法杖的法力恢复增加一倍",,,,,
ddCHARGE,"You feel mana pouring out of your body",,,,,,,,"就像年轻了一千岁..我是说你的法杖",,,,,
CAPE_PURIFY,"Purification Spell",,,,,,,,"净化术",,,,,
dCAPE_PURIFY,"Purify your cape",,,,,,,,"净化你的斗篷",,,,,
SAKUYA,"Maid's Knife",,,,,,,,"女仆秘技",,,,,
dSAKUYA,"Skilled! ( passive: most of your spells no longer harm yourself )",,,,,,,,"完美潇洒! (被动：你的大部分法术不再伤害你自己)",,,,,
I_NEED_MORE_POWER,"Summon Sword",,,,,,,,"幻影剑",,,,,
dI_NEED_MORE_POWER,"SLAY ALL! ( mouse right to switch attack mode )",,,,,,,,"爱你的摸抛瓦! (右键切换攻击模式)",,,,,
MELODY,"Astral Melody",,,,,,,,"星界和弦",,,,,
dMELODY,"Make a wish!",,,,,,,,"爱来自泰拉瑞亚",,,,,
ULTIMATE,"Ultimate Spark",,,,,,,,"究极火花",,,,,
dULTIMATE,"All MY WISDOM. ( hold the mouse right left or right to toggle tracking mode )",,,,,,,,"数智之终 (按住鼠标左或右键切换追踪模式)",,,,,
LINE_BREAKER,"Line Breaker",,,,,,,,"断路器",,,,,
dLINE_BREAKER,"Add 10 mana, and force the wand to recharge.",,,,,,,,"获得10法力并强制法杖进入充能",,,,,
SUICIDE_KING,"Suside King",,,,,,,,"自杀之王",,,,,
dSUICIDE_KING,"A true ending?",,,,,,,,"真结局?",,,,,
DE_RESET_ALL,"REGRESS",,,,,,,,"回溯",,,,,
dDE_RESET_ALL,"Start from scratch.",,,,,,,,"一切从头开始",,,,,
ddMU,"Copies every modifier-type spell in the current wand when cast",,,,,,,,"施放当前魔杖中所有修正法术的复制品，无视它们对延迟、充能与法力的影响，然后抽取一个法术",,,,,
ddPHI,"Casts a copy of every projectile-type spell in the current wand",,,,,,,,"施放当前魔杖中所有投射物法术的复制品，无视它们对延迟、充能与法力的影响",,,,,
ddSIGMA,"Copies every static-projectile-type spell in the wand when cast",,,,,,,,"施放当前魔杖中所有静态投射物法术的复制品，无视它们对延迟、充能与法力的影响",,,,,
ddZETA,"Copies a random spell in your inventory",,,,,,,,"复制你背包里的一个随机法术",,,,,
ddOMEGA,"Casts copies of every spell in your wand",,,,,,,,"释放除自己和刷新之外的所有法术",,,,,
ddDUPLICATE,"Duplicates every spell cast before it",,,,,,,,"释放手牌中除自己之外的所有法术",,,,,
ddMONEY_MAGIC,"Spend all your money to increase damage by the same amount",,,,,,,,"消耗你的所有金钱 提升等额的投射物伤害",,,,,
log_chest_hamis_haha,"('o') Hamis opened the treasure chest ('o')",,,,,,,,"('o') 哈米斯开启了一个宝箱 ('o')",,,,,
de_omege_disc,"Perfect cutting!",,,,,,,,"完美切割",,,,,
animal_boss_centipede,"SENTRY",,,,,,,," 三 眼 ",,,,,
animal_maggot_tiny,"ANGIE",,,,,,,," 洪 流 ",,,,,
animal_fish_giga,"HOMER",,,,,,,," 浪 潮 ",,,,,
animal_boss_alchemist,"LUNATICS",,,,,,,," 炼 金 士 ",,,,,
animal_boss_pit,"KETER",,,,,,,," 鉴 赏 家 ",,,,,
animal_boss_meat,"TUMOUR",,,,,,,," 肿 瘤 ",,,,,
animal_boss_limbs,"PLAGUE",,,,,,,," 瘟 疫 ",,,,,
animal_boss_dragon,"HELMINTH",,,,,,,," 寄 生 虫 ",,,,,
animal_islandspirit,"SALVATION",,,,,,,," 救 赎 ",,,,,
animal_boss_wizard,"SAGE",,,,,,,," 贤 者 ",,,,,
animal_boss_robot,"GOW",,,,,,,," 战 争 机 器 ",,,,,
animal_boss_ghost,"SUBLATE",,,,,,,," 未 定 义 ",,,,,
animal_boss_ghost_polyp,"ANOMALY",,,,,,,,"异常",,,,,
animal_ultimate_killer,"Guy",,,,,,,,"小朋友",,,,,
animal_friend,"Freshman",,,,,,,,"大朋友",,,,,
defeat_boss_centipede_1,"THE SENTRY HAS BEEN DEFEATED!",,,,,,,,"三眼已被击败!",,,,,
defeat_boss_centipede_2,"God Is More Wary Of You!",,,,,,,,"神明更警惕你了!",,,,,
defeat_boss_centipede_3,"See you in the next world!",,,,,,,,"下一个世界再见!",,,,,
defeat_boss_alchemist_1,"YOU HAVE DEFEATED LUNATIC ALCHEMIST!",,,,,,,,"疯狂炼金术士已被击败!",,,,,
defeat_boss_alchemist_2,"Has It Finished Its Research?",,,,,,,,"点金无法再伤你分毫!",,,,,
defeat_boss_ghost_1,"YOU HAVE DEFEATED THE SUBLATE!",,,,,,,,"未定义已被击败!",,,,,
defeat_boss_ghost_2,"The Air Around Is Getting Colder And Colder...",,,,,,,,"你感觉周围的空气越来越冷!",,,,,
defeat_boss_meat_1,"YOU HAVE DEFEATED TUMOUR!",,,,,,,,"肿瘤已被击败!",,,,,
defeat_boss_meat_2,"Taking A Deep Breath!",,,,,,,,"深呼吸!",,,,,
defeat_boss_robot_1,"YOU HAVE DEFEATED GEARS OF WAR!",,,,,,,,"战争机器已被击败!",,,,,
defeat_boss_robot_2,"Cognition No Longer Matters...",,,,,,,,"大地无法将你束缚!",,,,,
defeat_boss_spirit_1,"YOU HAVE DEFEATED SALVATION!",,,,,,,,"救赎已被击败!",,,,,
defeat_boss_spirit_2,"No One Wants To Stand On Your Side!",,,,,,,,"你再也无法改变外形!",,,,,
defeat_boss_wizard_1,"YOU HAVE DEFEATED SAGE!",,,,,,,,"贤者已被击败!",,,,,
defeat_boss_wizard_2,"You See Your Past...",,,,,,,,"你窥见了永生的秘密!",,,,,
defeat_gate_monster,"Have you become so found of human?",,,,,,,,"你就这么喜欢人类吗?",,,,,
flee_boss_centipede_1,"FACING ME! CHALLENGER!!!",,,,,,,,"面对我! 挑战者!!!",,,,,
flee_boss_centipede_2,"You Can Not Flee!",,,,,,,,"你无法逃脱!",,,,,
flee_boss_centipede_3,"Splendid Speed Run",,,,,,,,"精彩的速通",,,,,
flee_boss_centipede_4,"I'll give you a ride. Go get it done!",,,,,,,,"让我来送你最后一程, 去完成它吧!",,,,,
flee_boss_ghost_1,"WANNA RUN AWAY?",,,,,,,,"你想要逃跑?",,,,,
flee_boss_ghost_2,"But You Can Not Escape!",,,,,,,,"但你无法全身而退!",,,,,
flee_boss_ghost_3,"You Shall Not Escape!",,,,,,,,"你逃不掉!",,,,,
shoot_boss_spirit_1,"You Are The Devil!",,,,,,,,"你这个魔鬼!",,,,,
shoot_boss_spirit_2,"Repent!",,,,,,,,"忏悔吧!",,,,,
shoot_boss_spirit_3,"Poor Lamb...",,,,,,,,"可怜的羔羊..",,,,,
debuff_boss_wizard_1,"Poor Creature!",,,,,,,,"可悲的造物!",,,,,
debuff_boss_wizard_2,"I'll set you free.",,,,,,,,"我来让你解脱",,,,,
defeat_boss_pit_0,"I'm not done yet!",,,,,,,,"还没完呢!",,,,,
recycle_1,"Why must I clean up the trash?",,,,,,,,"为什么我要帮你清理垃圾?",,,,,
recycle_2,"I have NOTHING to give you!",,,,,,,,"我只能给你这么多!",,,,,
recycle_3,"Wow, I'm happy to explooooode!!!",,,,,,,,"哇嗷, 我高兴炸炸炸炸炸炸了!!!",,,,,
biomemodifierdesc_MOIST_SUPER,"Atlantis!!!",,,,,,,,"亚特兰蒂斯!!!",,,,,
biomemodifierdesc_ZERO_GRAVITY,"Zero Gravity!!!",,,,,,,,"失重区!!!",,,,,
biomemodifierdesc_HYPERGRAVITY,"Solar Gravity!!!",,,,,,,,"恒星引力!!!",,,,,
biomemodifierdesc_OVER_FUNGAL,"Fungus Invasion!!!",,,,,,,,"真菌入侵!!!",,,,,
dholy_mount_biome_modifiers,"Gravity is getting weird?",,,,,,,,"这里有异常的重力?",,,,,
startingrecyelingbin,"recyeling bin",,,,,,,,"这是什么，垃圾桶?",,,,,
dstartingrecyelingbin,"Kick towards unwanted spells and wands when it's in inventory.",,,,,,,,"位于背包时朝不需要的法术和法杖踢击以回收",,,,,
dbroken_wand,"The forge is beneath the right edge of the third holy mountain.",,,,,,,,"铁砧在第三个圣山右边缘的正下方",,,,,
deep_end_temple_travel_mark,"Scroll of Holy Mount Portal",,,,,,,,"圣山传送卷轴",,,,,
ddeep_end_temple_travel_mark,"Hold it and open the map to teleport to the Holy Mountain which it belongs",,,,,,,,"手持时打开地图会传送回它所属的圣山",,,,,
devil_eye,"Make the elusive enemy visible \n( need three to reveal SUBLATE )",,,,,,,,"令虚幻的敌人显形 \n需要三个才能使未定义显形",,,,,
dwand_stone,"Slightly increase the speed of mana regeneration and immune woolgather",,,,,,,,"略微提升法力回复速度 免疫胡思乱想",,,,,
itemdesc_key_0,"Carry it to immune disarm and prevent KETER from reviving",,,,,,,,"携带时免疫缴械并阻止收藏家复活",,,,,
actiondesc_broken_spell,"Contains seven random spells",,,,,,,,"内含7个随机法术",,,,,
actiondesc_summon_portal,"Reforge the recyeling bin can retrieve the lost coordinates",,,,,,,,"重铸垃圾桶来找回丢失的坐标",,,,,
goldenrecyelingbin,"golden recyeling bin",,,,,,,,"纯金垃圾桶",,,,,
dgoldenrecyelingbin,"Trip to different NGs depending on the damage received.",,,,,,,,"根据受到的伤害进入不同的NG",,,,,
deep_end_map_tele_1,"Superteleportation has been unlocked! ( need How To Dash perk )",,,,,,,,"超传能力已解锁! (需要拥有冲刺教程天赋)",,,,,
deep_end_map_tele_2,"Call map and press Shooting Extra Hook key to teleport to Cursor Location",,,,,,,,"呼出地图后按下发射钩爪键可以跃迁至光标坐标",,,,,
deep_end_map_tele_3,"Redirected to: ",,,,,,,,"已跃迁至: ",,,,,
deep_end_forget_everything_1,"Nothing Exists Forever",,,,,,,,"没有什么存在是永恒的",,,,,
deep_end_forget_everything_2,"except you... an anomaly in this world",,,,,,,,"除了你... 这个世界的异类",,,,,
item_golden_hamis,"Gold statue of a king",,,,,,,,"纯金国王雕像",,,,,
Metal_Magic_Deep_End,"Metheus",,,,,,,,"异维钢",,,,,
Rock_Magic_Deep_End,"Arcaneness",,,,,,,,"奥秘砖",,,,,
Wood_Deep_End,"Sephira",,,,,,,,"尖叫木",,,,,
Eucharist_Deep_End,"Eucharist?",,,,,,,,"圣餐?",,,,,
Bouncing_Burst_powder,"Burstron",,,,,,,,"憨豆",,,,,
Firebolt_powder,"Phlogiston",,,,,,,,"火元素",,,,,
Pollen_powder,"Dandelion",,,,,,,,"蒲公英",,,,,
Lightning_Spells_powder,"Electron",,,,,,,,"电子",,,,,
Disc_powder,"Slicingen",,,,,,,,"刃元素",,,,,
Vigour_powder,"Vigourium",,,,,,,,"活力粉末",,,,,
Cell_Eater_powder,"Eraserium",,,,,,,,"吞噬粉末",,,,,
Witch_powder,"Witchium",,,,,,,,"巫婆粉末",,,,,
super_urine,"Pee",,,,,,,,"原尿",,,,,
super_beer,"Hard Liquor",,,,,,,,"牛啤",,,,,
deep_end_magic_acid,"Magia Acid",,,,,,,,"魔酸",,,,,
deep_end_creepy_liquid,"Nightmarium",,,,,,,,"噩梦",,,,,
deep_end_hush,"Hushium",,,,,,,,"死寂",,,,,
text_status_de_expelliarmus,"You're disarmed!!!",,,,,,,,"你被缴械了!!!",,,,,
status_de_hp_up,"Cures",,,,,,,,"缓慢自愈",,,,,
dstatus_de_hp_up,"Your wounds are healing on their own..",,,,,,,,"你的伤口正在自行愈合..",,,,,
status_de_dizzy,"Light-headedness",,,,,,,,"天旋地转",,,,,
dstatus_de_dizzy,"You feel like everything is moving at random!",,,,,,,,"你感觉所有东西都在晃动!",,,,,
status_de_no_edit,"Woolgather",,,,,,,,"胡思乱想",,,,,
dstatus_de_no_edit,"You can't concentrate on wand editing!",,,,,,,,"你无法沉下心来编辑法杖!",,,,,
status_de_no_heal,"Arrhythmia",,,,,,,,"心律不齐",,,,,
dstatus_de_no_heal,"You can't heal yourself!",,,,,,,,"你无法被治疗!",,,,,
status_de_fireball_ray,"Combustible",,,,,,,,"易燃易爆炸",,,
dstatus_de_fireball_ray,"You're throwing out your anger!",,,,,,,,"你正在抛洒你的怒火!",,,
de_gravity_potion,"Gravitino",,,,,,,,"重力",,,,,
dde_gravity_potion,"Gravity Control!",,,,,,,,"掌握重力!",,,,,
ddde_gravity_potion,"You can control your own gravity?!",,,,,,,,"你可以操控自己的重力?!",,,,,
de_laser_eye,"Eyedrops",,,,,,,,"眼药水",,,,,
dde_laser_eye,"Laser Eye!",,,,,,,,"激光眼!",,,,,
ddde_laser_eye,"You feel your eyes full of power!!!",,,,,,,,"我的眼睛会发激光!!!",,,,,
de_hardener,"Curine",,,,,,,,"硬化剂",,,,,
dde_hardener,"Indestructible!",,,,,,,,"坚不可摧!",,,,,
ddde_hardener,"Nothing can affect you...",,,,,,,,"没有什么东西能够撼动你...",,,,,
taprilfool,"Who am I? Where am I? What am I going to do?",,,,,,,,"我是谁? 我在哪? 我要干什么?",,,,,
txmas_1,"Merry Christmas!",,,,,,,,"圣诞快乐!",,,,,
txmas_2,"Everyone is more friendly to each other.",,,,,,,,"大家似乎都对你友善了一些",,,,,
thalloween_1,"Happy Halloween!",,,,,,,,"万圣夜快乐!",,,,,
thalloween_2,"You seem to be beloved by sprites...",,,,,,,,"你似乎倍受捣蛋鬼喜爱...",,,,,
thallowmas_1,"Happy Hallowmas!",,,,,,,,"万圣节快乐!",,,,,
thallowmas_2,"the sprites refused to leave...",,,,,,,,"捣蛋鬼缠着你不放...",,,,,
tnewyear_0,"Happy Chinese New Year!",,,,,,,,"新年快乐!",,,,,
tnewyear_1,"Happy New Year!",,,,,,,,"元旦快乐!",,,,,
tnewyear_2,"Here's a present for you.",,,,,,,,"这是给你的红包!",,,,,
speed_run_broadcast_0,"s",,,,,,,,"秒",,,,,
speed_run_broadcast_1,"Your Completion Time: ",,,,,,,,"你的到达时间: ",,,,,
speed_run_broadcast_2,"Speed Run Bonus Requirement: ",,,,,,,,"速通奖励要求: ",,,,,
speed_run_broadcast_3,"Next Stage Requirement: ",,,,,,,,"下一层的要求: ",,,,,
speed_run_broadcast_4,"s left ) ",,,,,,,,"秒剩余 )",,,,,
speed_run_final_stage_mania,"Get ready for the boss!",,,,,,,,"做足准备, 迎战三眼!",,,,,
speed_run_final_stage,"Survive on the way to the lab, and the boss will send you back!",,,,,,,,"活着见到三眼, 它会送你回去的!",,,,,
dSword,"Torn apart",,,,,,,,"撕裂",,,,,
dMalfunction,"Malfunction",,,,,,,,"故障",,,,,
deep_end_drone_physics_hell,"Mayfly Butcher",,,,,,,,"蜉蝣屠夫",,,,,
deep_end_ultimate_ultra_killer,"God of Friendship",,,,,,,,"友谊之神",,,,,
deep_end_fox,"Fox",,,,,,,,"狐",,,,,
deep_end_super_fish,"Fish Story",,,,,,,,"厨师的杰作",,,,,
deep_end_pickup_orb_evil,"You've put the cheese out!!!",,,,,,,,"你把奶酪放出来了!!!",,,,,
deep_end_pickup_orb_discovered,"You've opened Pandora's box!!!",,,,,,,,"你打开了潘多拉的魔盒!!!",,,,,
log_altar_magic_deep_end_hamis_party,"Party time!",,,,,,,,"派对时间!",,,,,
log_altar_magic_deep_end_chaos,"Resist your curiosity!",,,,,,,,"忍住你的好奇心!",,,,,
log_altar_magic_deep_end_boss_summon,"Restrain yourself!",,,,,,,,"引以为戒!",,,,,
deep_end_new_game_,"New Game",,,,,,,,"新游戏",,,,,
deep_end_new_game_for_newgame_zero,"Wait a minute, do we meet again?",,,,,,,,"等一下, 我们是不是又见面了?",,,,,
deep_end_new_game_for_newgame_minus,"WTF! Where is here?",,,,,,,,"给我干哪来了?",,,,,
deep_end_new_game_for_newgame_over,"Enough!!",,,,,,,,"够了!!",,,,,
deep_end_new_game_tip_1,"Resetting the world...",,,,,,,,"正在重置世界...",,,,,
deep_end_new_game_tip_2,"Do Not Reset The World Repeatedly!",,,,,,,,"请 勿 重 复 重 置 世 界 !",,,,,
log_gamefx_respawn,Never gonna give u up!,,,,,,,,"oi! 绝不认输!",,,,,
gold_giant_dollar,Statue of greed,,,,,,,,贪婪雕像,,,,,
map_text,"( Choose the map you want to play in Mod-settings page )",,,,,,,,"(在模组设置中选择要游玩的地图)",,,,,
tip_text_classic,"A world balanced in chaos.",,,,,,,,"在混乱中平衡的世界",,,,,
tip_text_neddle,"A world of survival in the cracks of high walls.",,,,,,,,"在高墙缝隙中生存的世界",,,,,
tip_text_thorny,"A world of darkness and crisis.",,,,,,,,"充满黑暗和危机的世界",,,,,
tip_text_wasteland,"A world of machines and guns.",,,,,,,,"机械与枪弹的世界",,,,,
tip_text_doomsday,"A world full of malice.",,,,,,,,"充满恶意的世界",,,,,
deep_end_wand_name_0,"Wand",,,,,,,,"法杖",,,,,
deep_end_wand_name_1,"Wand-R",,,,,,,,"反式法杖",,,,,
deep_end_wand_name_2,"Wand-L",,,,,,,,"旧式法杖",,,,,
deep_end_wand_affix_1,"sawed-off",,,,,,,,"截短的",,,,,
deep_end_wand_affix_2,"expanded",,,,,,,,"扩容的",,,,,
deep_end_wand_affix_3,"exquisite",,,,,,,,"精致的",,,,,
deep_end_wand_affix_4,"elegant",,,,,,,,"精细的",,,,,
deep_end_wand_affix_5,"rough",,,,,,,,"粗糙的",,,,,
deep_end_wand_affix_6,"shoddy",,,,,,,,"粗劣的",,,,,
deep_end_wand_affix_7,"lumpish",,,,,,,,"沉重的",,,,,
deep_end_wand_affix_8,"heavy",,,,,,,,"重的",,,,,
deep_end_wand_affix_9,"light",,,,,,,,"轻的",,,,,        
deep_end_wand_affix_10,"lithe",,,,,,,,"轻盈的",,,,,
deep_end_wand_affix_11,"agile",,,,,,,,"灵巧的",,,,,
deep_end_wand_affix_12,"flexible",,,,,,,,"灵活的",,,,,
deep_end_wand_affix_13,"rigid",,,,,,,,"呆板的",,,,,
deep_end_wand_affix_14,"blunt",,,,,,,,"呆滞的",,,,,
deep_end_wand_affix_15,"rapid",,,,,,,,"快速的",,,,,
deep_end_wand_affix_16,"fast",,,,,,,,"快的",,,,,
deep_end_wand_affix_17,"slow",,,,,,,,"慢的",,,,,
deep_end_wand_affix_18,"tardy",,,,,,,,"缓慢的",,,,,
deep_end_wand_affix_19,"retroverted",,,,,,,,"后倾的",,,,,
deep_end_wand_affix_20,"anteverted",,,,,,,,"前倾的",,,,,
deep_end_wand_affix_21,"shrinking",,,,,,,,"缩水的",,,,,
deep_end_wand_affix_22,"enormous",,,,,,,,"巨化的",,,,,
deep_end_wand_affix_23,"busted",,,,,,,,"过载的",,,,,
deep_end_wand_affix_24,"smart",,,,,,,,"锐利的",,,,,
deep_end_wand_affix_25,"dual",,,,,,,,"双发的",,,,,
deep_end_wand_affix_26,"intrepid",,,,,,,,"勇猛的",,,,,
deep_end_wand_affix_27,"balanced",,,,,,,,"均衡的",,,,,
deep_end_wand_affix_28,"hereditary",,,,,,,,"遗传的",,,,,
deep_end_wand_affix_29,"variant",,,,,,,,"变异的",,,,,
deep_end_wand_affix_30,"mysterious",,,,,,,,"神秘的",,,,,
menu_ok,Ok,,,,,,,,走你,,,,,
menu_continue,"Unpause",,,,,,,,"继续",,,,,
menu_newgame,"Retry",,,,,,,,"Roll",,,,,
menu_progress,"Progress",,,,,,,,"进展",,,,,
menu_options,Options,,,,,,,,选项,,,,,
menu_mods,"Mods",,,,,,,,"模组",,,,,
menu_mods_settings,>>>>>>>>>>>>>>>>>>>>>>>>>>>>< Mod Settings ><<<<<,,,,,,,,>>>>>>>>>>>>>>>>>>>>>>>>>>>>< 模组设置 ><<<<<,,,,,
menu_mods_restart,,,,,,,,,,,,,,
menu_releasenotes,,,,,,,,,,,,,,
menu_credits,,,,,,,,,,,,,,
menu_saveandquit,">>>>>>>>>>>>>>>>>>>>>>>>>>>>>>>>>>>>>>>>>>>>>>>>>>>>>>>>>>>>>>>>>>>>>>>>>>>>>>>>>>>>>>>>>>>>>>>>>>>>>>>>>>>>>>>>>>>>>>>>>>>>>>>>>>>>>>>>>>>Quit<<<<<<<<<<<<<<<<<<<<<<<<<<<<<<<<<<<<<<<<<<<<<<<<<<<<<<<<<<<<<<<<<<<<<<<<<<<<<<<<<<<<<<<<<<<<<<<<<<<<<<<<<<<<<<<<<<<<<<<<<<<<<<<<<<<<<<<<<<<",,,,,,,,">>>>>>>>>>>>>>>>>>>>>>>>>>>>>>>>>>>>>>>>>>>>>>>>>>>>>>>>>>>>>>>>>>>>>>>>>>>>>>>>>>>>>>>>>>>>>>>>>>>>>>>>>>>>>>>>>>>>>>>>>>>>>>>>>>>>>>>>>>>再见<<<<<<<<<<<<<<<<<<<<<<<<<<<<<<<<<<<<<<<<<<<<<<<<<<<<<<<<<<<<<<<<<<<<<<<<<<<<<<<<<<<<<<<<<<<<<<<<<<<<<<<<<<<<<<<<<<<<<<<<<<<<<<<<<<<<<<<<<<<",,,,,
deep_end_translations,"Deep End",,,,,,,,"深渊",,,,,
